,id,title,number,published,guests,main,likes,dislikes,views,commentCount
0,W7wJDJ56c88,DeepMind solves protein folding | AlphaFold 2,,2020-12-02T22:39:08Z,,False,9998,64,152252,864
1,bgNzUxyS-kQ,"Manolis Kellis: Meaning of Life, the Universe, and Everything | Lex Fridman Podcast #142",142.0,2020-11-30T19:52:50Z,Manolis Kellis,True,2838,160,88539,577
2,ipQBP1wRFNM,10 things I'm grateful for this Thanksgiving,,2020-11-27T03:03:49Z,,False,2913,43,35984,396
3,NOReE-3EBhI,"Erik Brynjolfsson: Economics of AI, Social Networks, and Technology | Lex Fridman Podcast #141",141.0,2020-11-25T18:00:29Z,Erik Brynjolfsson,True,2838,103,91745,402
4,Lks97-GLElk,Comma.ai Drive and Tour with George Hotz and Lex Fridman,,2020-11-23T19:32:08Z,,False,5303,72,95293,576
5,_ySbzVXiwzQ,How to learn and master a new skill,,2020-11-21T19:54:40Z,,False,10019,78,137279,615
6,S_AFc_BXht4,"Lisa Feldman Barrett: Love, Evolution, and the Human Brain | Lex Fridman Podcast #140",140.0,2020-11-20T17:56:15Z,Lisa Feldman Barrett,True,2860,94,94310,425
7,Ktj050DxG7Q,Andrew Huberman: Neuroscience of Optimal Performance | Lex Fridman Podcast #139,139.0,2020-11-16T16:06:18Z,Andrew Huberman,True,8164,124,313506,975
8,SOr1YYRljV8,Yaron Brook: Ayn Rand and the Philosophy of Objectivism | Lex Fridman Podcast #138,138.0,2020-11-13T14:42:37Z,Yaron Brook,True,5270,657,175043,2566
9,WxfA1OSev4c,"Alex Filippenko: Supernovae, Dark Energy, Aliens & the Expanding Universe | Lex Fridman Podcast #137",137.0,2020-11-08T00:03:40Z,Alex Filippenko,True,10211,513,455035,1731
10,-k-ztNsBM54,Dan Carlin: Hardcore History | Lex Fridman Podcast #136,136.0,2020-11-03T03:07:14Z,Dan Carlin,True,20612,886,975514,3063
11,LAyZ8IYfGxQ,"Charles Isbell: Computing, Interactive AI, and Race in America | Lex Fridman Podcast #135",135.0,2020-11-02T01:08:30Z,Charles Isbell,True,3053,169,93113,427
12,o2nG7-eXxko,"Eric Weinstein: On the Nature of Good and Evil, Genius and Madness | Lex Fridman Podcast #134",134.0,2020-10-30T03:57:16Z,Eric Weinstein,True,24117,957,871985,4681
13,Aq9UPIXbtKI,Manolis Kellis: Biology of Disease | Lex Fridman Podcast #133,133.0,2020-10-25T23:17:54Z,Manolis Kellis,True,2669,52,86833,362
14,BOIxl0kJmV4,Programming Meme Review with George Hotz,,2020-10-23T23:31:35Z,,False,5467,169,126408,360
15,_L3gNaAVjQ4,George Hotz: Hacking the Simulation & Learning to Drive with Neural Nets | Lex Fridman Podcast #132,132.0,2020-10-22T01:09:25Z,George Hotz,True,11739,315,348383,1921
16,nWTvXbQHwWs,Chris Lattner: The Future of Computing and Programming Languages | Lex Fridman Podcast #131,131.0,2020-10-19T01:59:53Z,Chris Lattner,True,4548,76,143037,436
17,nAMjv0NAESM,Scott Aaronson: Computational Complexity and Consciousness | Lex Fridman Podcast #130,130.0,2020-10-12T06:20:12Z,Scott Aaronson,True,2848,94,94353,581
18,NbdRIVCBqNI,Lisa Feldman Barrett: Counterintuitive Ideas About How the Brain Works | Lex Fridman Podcast #129,129.0,2020-10-04T18:10:14Z,Lisa Feldman Barrett,True,5793,219,178516,858
19,BIk1zUy8ehU,"Michael Malice: Anarchy, Democracy, Libertarianism, Love, and Trolling | Lex Fridman Podcast #128",128.0,2020-10-02T15:18:13Z,Michael Malice,True,14305,878,550091,3715
20,FKCJWkPehdY,"Joe Rogan: Conversations, Ideas, Love, Freedom & the Joe Rogan Experience | Lex Fridman Podcast #127",127.0,2020-09-26T17:01:46Z,Joe Rogan,True,35253,896,929393,3651
21,IT__Nrr3PNI,"James Gosling: Java, JVM, Emacs, and the Early Days of Computing | Lex Fridman Podcast #126",126.0,2020-09-24T14:32:48Z,James Gosling,True,3927,63,100802,403
22,8U0XzOco7D0,Jiu Jitsu Meme Review with Ryan Hall,,2020-09-22T22:40:21Z,,False,8312,263,298732,515
23,hhEwWghH_XM,"Ryan Hall: Martial Arts and the Philosophy of Violence, Power, and Grace | Lex Fridman Podcast #125",125.0,2020-09-20T21:56:41Z,Ryan Hall,True,7664,296,279775,1120
24,-t1_ffaFXao,"Stephen Wolfram: Fundamental Theory of Physics, Life, and the Universe | Lex Fridman Podcast #124",124.0,2020-09-15T23:37:00Z,Stephen Wolfram,True,7231,140,228694,1132
25,iw1obNGEt5E,Thoughts on Joe Rogan's New Texas Studio | Lex Fridman,,2020-09-13T14:00:07Z,,False,14991,859,505369,1997
26,t06rkOOUa7g,"Manolis Kellis: Origin of Life, Humans, Ideas, Suffering, and Happiness | Lex Fridman Podcast #123",123.0,2020-09-12T18:43:24Z,Manolis Kellis,True,6034,147,189169,749
27,aB8zcAttP1E,"David Fravor: UFOs, Aliens, Fighter Jets, and Aerospace Engineering | Lex Fridman Podcast #122",122.0,2020-09-08T16:50:49Z,David Fravor,True,50193,3039,2859818,8971
28,8rc0QljS_sM,In Memory of My Grandmother,,2020-09-07T21:01:02Z,,False,4167,39,35576,567
29,_AGPbvCDBCk,Eugenia Kuyda: Friendship with an AI Companion | Lex Fridman Podcast #121,121.0,2020-09-05T17:31:48Z,Eugenia Kuyda,True,4080,143,147830,821
30,aJgZgisiUsY,The Future of Neuralink,,2020-09-01T17:24:03Z,,False,8269,213,178854,1160
31,PUAdj3w3wO4,François Chollet: Measures of Intelligence | Lex Fridman Podcast #120,120.0,2020-08-31T02:04:23Z,François Chollet,True,2558,51,100075,274
32,0m3hGZvD-0s,A day in my life | Lex Fridman,,2020-08-27T21:00:07Z,,False,22286,288,371006,2341
33,386s-y1aRRo,David Eagleman: Neuroplasticity and the Livewired Brain | Lex Fridman Podcast #119,119.0,2020-08-26T14:07:16Z,David Eagleman,True,3725,74,102066,379
34,amCsM265Lw0,Math Meme Review with Grant Sanderson (3Blue1Brown),,2020-08-24T18:10:32Z,,False,21160,191,325044,868
35,U_6AYX42gkU,"Grant Sanderson: Math, Manim, Neural Networks & Teaching with 3Blue1Brown | Lex Fridman Podcast #118",118.0,2020-08-23T22:44:32Z,Grant Sanderson,True,5687,65,145677,406
36,HPfPFM1wNmE,Best hidden feature of Python | Chaining comparison operators,,2020-08-21T20:23:20Z,,False,4503,69,83328,361
37,qfKyNxfyWbo,Sheldon Solomon: Death and Meaning | Lex Fridman Podcast #117,117.0,2020-08-20T23:22:47Z,Sheldon Solomon,True,9280,333,318658,1363
38,U41dkEpj6NU,Lex Fridman Podcast | Now in ASCII + Name Change,,2020-08-19T14:40:53Z,,False,5651,33,62064,491
39,-jA2ABHBc6Y,Sara Seager: Search for Planets and Life Outside Our Solar System | Lex Fridman Podcast #116,116.0,2020-08-16T20:12:39Z,Sara Seager,True,6343,197,226625,826
40,tg_m_LxxRwM,Dileep George: Brain-Inspired AI | Lex Fridman Podcast #115,115.0,2020-08-14T22:53:01Z,Dileep George,True,1904,31,56030,222
41,amXXYgu0eFY,2+2=5 in Java,,2020-08-11T13:15:00Z,,False,7842,189,128504,637
42,A22Ej6kb2wo,"Russ Tedrake: Underactuated Robotics, Control, Dynamics and Touch | Lex Fridman Podcast #114",114.0,2020-08-09T16:33:17Z,Russ Tedrake,True,1822,32,66342,165
43,belS2Ek4-ow,Best feature of Python | List Comprehensions,,2020-08-07T15:54:46Z,,False,5035,45,78313,328
44,kpiY_LemaTc,GPT-3 vs Human Brain,,2020-08-01T17:05:23Z,,False,10166,185,162353,646
45,brslF-Cy3HU,Manolis Kellis: Human Genome and Evolutionary Dynamics | Lex Fridman Podcast #113,113.0,2020-07-31T13:28:08Z,Manolis Kellis,True,5701,148,191688,664
46,pDSEjaDCtOU,"Ian Hutchinson: Nuclear Fusion, Plasma Physics, and Religion | Lex Fridman Podcast #112",112.0,2020-07-29T17:13:59Z,Ian Hutchinson,True,3086,185,104174,680
47,KN2TTiGpDvM,The most controversial Python feature | Walrus operator,,2020-07-27T22:16:02Z,,False,13742,274,357009,1245
48,KllCrlfLuzs,Richard Karp: Algorithms and Computational Complexity | Lex Fridman Podcast #111,111.0,2020-07-26T15:52:27Z,Richard Karp,True,1303,29,43556,97
49,FruPG2M156w,When will the 200 billionth person be born?,,2020-07-24T23:05:27Z,,False,3153,49,42319,267
50,LRYkH-fAVGE,Jitendra Malik: Computer Vision | Lex Fridman Podcast #110,110.0,2020-07-21T23:16:50Z,Jitendra Malik,True,1424,29,41839,103
51,AB60_uUetJs,Will Javascript Take Over the World? | Brian Kernighan and Lex Fridman,,2020-07-20T17:32:20Z,,False,5010,65,134120,721
52,i3ZnDRrmFjg,Neural networks learning spirals,,2020-07-19T19:06:22Z,,False,3676,52,65943,182
53,G1-wse8nsxY,C Programming Language | Brian Kernighan and Lex Fridman,,2020-07-19T13:15:00Z,,False,2164,12,56194,121
54,O9upVbGSBFo,"Brian Kernighan: UNIX, C, AWK, AMPL, and Go Programming | Lex Fridman Podcast #109",109.0,2020-07-18T19:24:51Z,Brian Kernighan,True,6171,57,141192,430
55,waYr2J15uUc,How 9801 generates a nice integer sequence,,2020-07-16T18:14:29Z,,False,1617,18,26027,107
56,kxi-_TT_-Nc,Sergey Levine: Robotics and Machine Learning | Lex Fridman Podcast #108,108.0,2020-07-14T16:00:40Z,Sergey Levine,True,1903,37,61442,139
57,a-zEbokJAgY,Self-replicating Python code | Quine,,2020-07-11T12:05:43Z,,False,11292,207,227211,510
58,llh-2pqSGrs,"Peter Singer: Suffering in Humans, Animals, and AI | Lex Fridman Podcast #107",107.0,2020-07-08T14:41:15Z,Peter Singer,True,1898,111,58475,335
59,DEqXNfs_HhY,Donut-shaped C code that generates a 3D spinning donut,,2020-07-06T19:30:13Z,,False,83628,472,1943426,2963
60,conRTnUBrms,Cognition Is a Function of the Environment | Matt Botvinick and Lex Fridman,,2020-07-05T20:04:19Z,,False,634,13,20887,64
61,3t06ajvBtl0,"Matt Botvinick: Neuroscience, Psychology, and AI at DeepMind | Lex Fridman Podcast #106",106.0,2020-07-03T15:13:49Z,Matt Botvinick,True,2729,66,97266,203
62,_hni6uuorKk,"I'm back at it: 1,000 total push-ups, pull-ups, squats every day",,2020-07-02T15:05:07Z,I'm back at it,False,8548,329,267693,1082
63,k8Zomsf3uBI,You Are Your Own Existence Proof (Karl Friston) | AI Podcast Clips with Lex Fridman,,2020-07-01T14:20:01Z,,False,970,32,38973,122
64,9LQffCdHHlQ,Robert Langer: Edison of Medicine | Lex Fridman Podcast #105,105.0,2020-06-30T22:04:44Z,Robert Langer,True,1037,25,33890,84
65,1bEtau-QUTo,Time Lapse of the Sun (1 second is 1 month),,2020-06-29T21:29:23Z,,False,2374,37,53154,404
66,pXEl0R1BX-g,Make Disadvantage Your Superpower | Lex Fridman | AMA #6,,2020-06-29T12:46:37Z,,False,6131,72,80118,427
67,gaMz3JGuA5E,If You Could Live Forever Would You? (Ben Goertzel) | AI Podcast Clips with Lex Fridman,,2020-06-28T12:05:09Z,,False,1105,36,34288,272
68,naed4C4hfAg,David Patterson: Computer Architecture and Data Storage | Lex Fridman Podcast #104,104.0,2020-06-27T19:21:32Z,David Patterson,True,2906,39,81925,198
69,0lAYQWM0aHk,Sophia is not AGI (Ben Goertzel) | AI Podcast Clips with Lex Fridman,,2020-06-26T21:58:50Z,,False,913,30,39047,180
70,7vtaNGn6KK8,Are Humans Good or Evil? (Ben Goertzel) | AI Podcast Clips with Lex Fridman,,2020-06-26T13:00:02Z,,False,510,25,15170,68
71,4X2xYyIk5x0,Origin of the term AGI (Ben Goertzel) | AI Podcast Clips,,2020-06-23T20:20:22Z,,False,428,10,16333,48
72,OpSmCKe27WE,Ben Goertzel: Artificial General Intelligence | Lex Fridman Podcast #103,103.0,2020-06-22T20:16:56Z,Ben Goertzel,True,9198,259,340360,1194
73,vlea7PtVXJ0,The Ego is the Source of Fear - Steven Pressfield | AI Podcast Clips,,2020-06-21T18:48:45Z,,False,1130,50,27585,114
74,PgtedwKGhXs,Steven Pressfield: The War of Art | Lex Fridman Podcast #102,102.0,2020-06-20T17:52:48Z,Steven Pressfield,True,1516,105,45947,163
75,tyrPMVMb-Uw,We exist inside the story that the brain tells itself (Joscha Bach) | AI Podcast Clips,,2020-06-16T13:26:42Z,,False,10349,380,350562,1876
76,aRdUqKtbgsY,AI Simulating Humans to Understand Itself (Joscha Bach) | AI Podcast Clips,,2020-06-15T19:17:40Z,,False,1160,28,30884,195
77,8mixT5_U0hk,Happiness is a cookie that your brain bakes for itself (Joscha Bach) | AI Podcast Clips,,2020-06-14T21:26:33Z,,False,3089,57,64018,381
78,P-2P3MSZrBM,Joscha Bach: Artificial Consciousness and the Nature of Reality | Lex Fridman Podcast #101,101.0,2020-06-13T17:05:00Z,Joscha Bach,True,14391,346,515686,2544
79,xv4gGyJKyKg,Now It's Your Turn to Be Great (Alexander Fridman) | AI Podcast Clips,,2020-06-11T21:55:09Z,,False,781,9,27312,42
80,lsTRQNoj0q4,David Goggins: Win the Morning,,2020-06-10T22:34:39Z,David Goggins,False,3436,62,68354,179
81,xZlt2tqHd80,"20,000 Push-ups and Pull-ups in 30 Days Challenge (featuring David Goggins)",,2020-06-09T20:32:08Z,,False,15470,390,542842,1513
82,cCXCY9hRkT0,"If It's Complicated, It's Probably Wrong (Feynman, Einstein, Kapitsa, Landau) - Alexander Fridman",,2020-06-08T20:06:23Z,,False,1716,31,50253,153
83,hNCz-8QIWuI,Is Cold Fusion Possible? (Alexander Fridman) | AI Podcast Clips,,2020-06-07T11:53:49Z,,False,1609,22,47960,152
84,3aAHbLujdtk,Chernobyl Nuclear Disaster (Alexander Fridman) | AI Podcast Clips,,2020-06-06T13:36:49Z,,False,1568,17,47628,112
85,BwDfEtpToNw,Build Your Rocket (Meaning of Life) - Alexander Fridman | AI Podcast Clips,,2020-06-05T20:12:26Z,,False,3072,21,64498,268
86,dtSJ2CN0DHo,What is Plasma? (Alexander Fridman) | AI Podcast Clips,,2020-06-04T22:20:25Z,,False,1259,26,37151,117
87,6JipQNWuYnA,"Alexander Fridman: My Dad, the Plasma Physicist | Lex Fridman Podcast #100",100.0,2020-06-03T22:11:26Z,Alexander Fridman,True,27248,490,844606,3145
88,NwzuibY5kUs,Karl Friston: Neuroscience and the Free Energy Principle | Lex Fridman Podcast #99,99.0,2020-05-28T12:43:15Z,Karl Friston,True,2621,36,77909,338
89,7KTbEn7PiaY,Kate Darling: Social Robotics | Lex Fridman Podcast #98,98.0,2020-05-23T12:06:00Z,Kate Darling,True,2773,95,80366,304
90,M1-v-dXIzho,Sertac Karaman: Robots That Fly and Robots That Drive | Lex Fridman Podcast #97,97.0,2020-05-20T01:29:42Z,Sertac Karaman,True,1174,27,36081,101
91,jdt4PPY09rQ,Starting a Business is a Rough Ride (Stephen Schwarzman) | AI Podcast Clips,,2020-05-19T00:28:46Z,,False,584,16,14594,55
92,aYwDs9LTN50,"Stephen Schwarzman: Going Big in Business, Investing, and AI | Lex Fridman Podcast #96",96.0,2020-05-15T21:55:44Z,Stephen Schwarzman,True,1930,79,61378,173
93,Me96OWd44q0,"Exponential Progress of AI: Moore's Law, Bitter Lesson, and the Future of Computation",,2020-05-13T23:14:56Z,Exponential Progress of AI,False,3228,63,81070,266
94,HhY95m-WD_E,Dawn Song: Adversarial Machine Learning and Computer Security | Lex Fridman Podcast #95,95.0,2020-05-12T23:21:18Z,Dawn Song,True,1244,42,44465,104
95,xoVibFYi1Gs,Language or Vision - What's Harder? (Ilya Sutskever) | AI Podcast Clips,,2020-05-10T14:00:59Z,,False,591,12,17874,48
96,i0UyKsAEaNI,How to Build AGI? (Ilya Sutskever) | AI Podcast Clips,,2020-05-09T17:13:41Z,,False,836,17,25869,107
97,13CZPWmke6A,Ilya Sutskever: Deep Learning | Lex Fridman Podcast #94,94.0,2020-05-08T21:12:38Z,Ilya Sutskever,True,3475,48,105963,299
98,MrIFte_rOh0,"What is Deep Reinforcement Learning? (David Silver, DeepMind) | AI Podcast Clips",,2020-05-06T20:31:51Z,,False,544,12,17484,38
99,xlMTWfkQqbY,Daphne Koller: Biomedicine and Machine Learning | Lex Fridman Podcast #93,93.0,2020-05-05T20:09:49Z,Daphne Koller,True,2498,44,70896,206
100,Q4D_4CGWYNk,The Big Nap: Coronavirus and World War II - Eric Weinstein and Lex Fridman | AI Podcast Clips,,2020-05-04T19:57:28Z,The Big Nap,False,1470,74,77182,220
101,oxRnBkI7r68,Beauty Quarks (Harry Cliff) | AI Podcast Clips,,2020-05-04T03:19:52Z,,False,233,3,7729,16
102,w_SNIwW6iX8,Eating One Meal a Day (Jack Dorsey) | AI Podcast Clips,,2020-05-02T14:00:47Z,,False,6853,476,368613,949
103,KceRmxCnXDA,Who is Hedgy? - A Story of Minimalism | AMA #5 - Ask Me Anything with Lex Fridman,,2020-05-01T17:00:12Z,,False,2580,32,42813,411
104,LLFBM-CON9E,Higgs Particle (Harry Cliff) | AI Podcast Clips,,2020-04-30T21:09:27Z,,False,481,11,17108,35
105,8A-5gIW0-eI,Harry Cliff: Particle Physics and the Large Hadron Collider | Lex Fridman Podcast #92,92.0,2020-04-29T22:54:15Z,Harry Cliff,True,2882,54,89932,243
106,MGW_Qcqr9eQ,Turing Test: Can Machines Think?,,2020-04-27T02:33:38Z,Turing Test,False,3557,78,89630,496
107,nXwpiPybr0Q,Jack Dorsey: Yang Gang Forever | AI Podcast Clips,,2020-04-25T14:26:07Z,Jack Dorsey,False,1143,55,29976,137
108,60KJz1BVTyU,"Jack Dorsey: Square, Cryptocurrency, and Artificial Intelligence | Lex Fridman Podcast #91",91.0,2020-04-24T20:47:16Z,Jack Dorsey,True,11908,593,384142,1007
109,CwyOUS8TSl0,Dmitry Korkin: Computational Biology of Coronavirus | Lex Fridman Podcast #90,90.0,2020-04-22T20:59:37Z,Dmitry Korkin,True,1507,28,53094,150
110,L7MiE1zO5PI,What is Wolfram Language? (Stephen Wolfram) | AI Podcast Clips,,2020-04-21T17:28:50Z,,False,1011,18,39204,119
111,V37eWVm-9BA,Richard Feynman on Computation (Stephen Wolfram) | AI Podcast Clips,,2020-04-20T18:30:11Z,,False,1172,12,40457,74
112,VPaBRjSrq2A,Toward a Fundamental Theory of Physics (Stephen Wolfram) | AI Podcast Clips,,2020-04-20T12:57:24Z,,False,1741,30,69445,233
113,VguG_y05Xe8,Cellular Automata and Rule 30 (Stephen Wolfram) | AI Podcast Clips,,2020-04-20T00:56:06Z,,False,1163,25,42917,152
114,ez773teNFYA,"Stephen Wolfram: Cellular Automata, Computation, and Physics | Lex Fridman Podcast #89",89.0,2020-04-18T18:28:11Z,Stephen Wolfram,True,9603,431,677668,1057
115,fgGZMRJ15oY,Eric Weinstein's Harvard Story - The System Breaks Down in Novel Situations | AI Podcast Clips,,2020-04-17T15:58:07Z,,False,5892,235,324266,919
116,_2ISnlT7j9A,Elon Musk Makes Sense to Me (Eric Weinstein) | AI Podcast Clips,,2020-04-16T14:00:35Z,,False,1613,221,64971,394
117,vdW9XDBuxjU,Geometric Unity - A Theory of Everything (Eric Weinstein) | AI Podcast Clips,,2020-04-15T20:00:11Z,,False,8307,405,437078,1710
118,CdiJGDNQAo8,I'm Most Proud of Trying - Eric Weinstein | AI Podcast Clips,,2020-04-15T14:00:41Z,,False,681,11,16098,44
119,ZK5r9OZ73Xg,Take Back MIT (Eric Weinstein) | AI Podcast Clips,,2020-04-15T00:25:16Z,,False,5840,291,249204,872
120,rIAZJNe7YtE,Eric Weinstein: Geometric Unity and the Call for New Ideas & Institutions | Lex Fridman Podcast #88,88.0,2020-04-13T20:51:35Z,Eric Weinstein,True,17963,815,767345,3147
121,vANfwm450dE,Richard Dawkins: Meaning of Life | AI Podcast Clips,,2020-04-12T13:42:45Z,Richard Dawkins,False,697,27,20185,152
122,XplFMDx9LlA,Richard Dawkins: Memes | AI Podcast Clips,,2020-04-11T12:36:08Z,Richard Dawkins,False,376,11,12348,58
123,zkudRy8b8JY,Richard Dawkins: The Programmer of the Simulation Came About Through Evolution | AI Podcast Clips,,2020-04-10T17:31:42Z,Richard Dawkins,False,1107,46,37927,369
124,5f-JlzBuUUU,"Richard Dawkins: Evolution, Intelligence, Simulation, and Memes | Lex Fridman Podcast #87",87.0,2020-04-09T22:42:29Z,Richard Dawkins,True,16713,570,556853,2476
125,UfMyp1wFgxE,The Way Out is Love,,2020-04-06T10:28:15Z,,False,3259,98,53665,373
126,BA2BOT3A70w,How is Coronavirus Transmitted and Do Masks Work?,,2020-04-05T15:28:33Z,,False,3683,71,76718,443
127,e77NkSjnyH4,"AlphaZero and Self Play (David Silver, DeepMind) | AI Podcast Clips",,2020-04-04T23:20:01Z,,False,408,7,13543,26
128,hXgqik6HXc0,Consciousness is Not a Computation (Roger Penrose) | AI Podcast Clips,,2020-04-04T15:56:28Z,,False,21285,499,750769,3643
129,uPUEq8d73JI,"David Silver: AlphaGo, AlphaZero, and Deep Reinforcement Learning | Lex Fridman Podcast #86",86.0,2020-04-03T21:16:46Z,David Silver,True,4817,67,155880,344
130,od2mXm6ZJEw,Forever oscillate between dissatisfaction and gratitude,,2020-04-03T00:43:24Z,,False,653,13,11246,26
131,8aVB5xgCllY,Measure passion not progress,,2020-04-02T13:23:26Z,,False,1316,14,18879,63
132,5qjA8HPJl_0,Escaping the Local Optimum of Low Expectation,,2020-04-02T03:02:33Z,,False,3345,23,66295,206
133,K_FUlo8BF9Y,Roger Penrose: Infinite Cycles of the Universe Punctuated by Big Bang Singularities,,2020-04-01T12:57:46Z,Roger Penrose,False,5786,106,171551,835
134,orMtwOz6Db0,Roger Penrose: Physics of Consciousness and the Infinite Universe | Lex Fridman Podcast #85,85.0,2020-03-31T14:34:14Z,Roger Penrose,True,14508,295,545057,1328
135,IiSKptK92S4,Nick Bostrom: Superintelligence | AI Podcast Clips,,2020-03-30T10:48:53Z,Nick Bostrom,False,364,7,13185,50
136,NvsI8ijW8xU,William MacAskill: Effective Altruism | Lex Fridman Podcast #84,84.0,2020-03-29T01:18:26Z,William MacAskill,True,601,41,21396,73
137,Iy6he5RNXY0,Nick Bostrom: Experience Machine | AI Podcast Clips,,2020-03-28T11:56:32Z,Nick Bostrom,False,191,11,6972,39
138,vx7DLImJ1Mw,Nick Bostrom on the Joe Rogan Podcast Conversation About the Simulation | AI Podcast Clips,,2020-03-27T20:59:30Z,,False,706,45,63740,169
139,qFmaSNP6_z4,Face Masks for All - #masks4all | Slowing Spread of Coronavirus Infection with Homemade DIY Masks,,2020-03-27T11:51:09Z,,False,4067,116,116258,627
140,XRpKisty1EU,Why is the Simulation Interesting to Elon Musk? (Nick Bostrom) | AI Podcast Clips,,2020-03-26T14:00:12Z,,False,770,25,32429,125
141,rfKiTGj-zeQ,Nick Bostrom: Simulation and Superintelligence | Lex Fridman Podcast #83,83.0,2020-03-26T00:27:38Z,Nick Bostrom,True,6225,241,308965,922
142,RFMA0fAS4e0,A Day in the Life of an ER Doc on the COVID-19 Frontlines,,2020-03-25T10:01:58Z,,False,2793,63,44808,168
143,jAYTogd38m4,7 Levels of Coronavirus Attack on Our Society and How We Can Fight Back,,2020-03-23T23:48:27Z,,False,4225,77,72530,448
144,Ym_t0LvHg-g,"Cryptocurrency, Blockchain, and the Byzantine Generals Problem (Vitalik Buterin) | AI Podcast Clips",,2020-03-23T17:22:25Z,,False,248,4,8728,19
145,VZhYHUiBtjo,"Just Because It's Impossible, Doesn't Mean We Shouldn't Do It (Simon Sinek) | AI Podcast Clips",,2020-03-22T22:29:50Z,,False,402,11,10178,27
146,_TTNGq9djU4,"Simon Sinek: Leadership, Hard Work, Optimism and the Infinite Game | Lex Fridman Podcast #82",82.0,2020-03-21T18:27:49Z,Simon Sinek,True,2076,52,49907,158
147,YAaJ6j1DNeg,Ethereum Basics (Vitalik Buterin) | AI Podcast Clips,,2020-03-20T16:28:12Z,,False,266,7,8686,15
148,iOCfIFBBpVY,Anca Dragan: Human-Robot Interaction and Reward Engineering | Lex Fridman Podcast #81,81.0,2020-03-19T17:36:46Z,Anca Dragan,True,1599,35,45491,121
149,mKtsM2vv0DA,Who is Satoshi Nakamoto? (Vitalik Buterin) | AI Podcast Clips,,2020-03-18T16:54:33Z,,False,2943,79,152915,599
150,QOE-YbDvAj8,What is Money? (Vitalik Buterin) | AI Podcast Clips,,2020-03-17T20:30:15Z,,False,1221,36,48788,161
151,3x1b_S6Qp2Q,"Vitalik Buterin: Ethereum, Cryptocurrency, and the Future of Money | Lex Fridman Podcast #80",80.0,2020-03-16T19:40:27Z,Vitalik Buterin,True,16982,481,665721,2130
152,IbHgcbo8uKc,What is Real? (Lee Smolin) | AI Podcast Clips,,2020-03-13T12:44:48Z,,False,503,21,15772,58
153,8bt6r6CIghw,Biological versus Artificial Neural Networks (John Hopfield) | AI Podcast Clips,,2020-03-12T19:29:53Z,,False,357,4,10716,22
154,yyFPYOa7bA0,Einstein Carried His Luggage (Eric Weinstein and Lee Smolin) | AI Podcast Clips,,2020-03-11T11:18:13Z,,False,678,13,26222,72
155,EvSObcZBvfM,Quantum Mechanics and General Relativity (Lee Smolin) | AI Podcast Clips,,2020-03-10T18:05:23Z,,False,345,17,10677,27
156,ehA0yvnd38k,David Goggins 48 Hour Challenge - 4 Miles Every 4 Hours | Lex Fridman,,2020-03-09T13:36:28Z,,False,3815,65,73847,293
157,WgLo4gmEraU,Lee Smolin: Quantum Gravity and Einstein's Unfinished Revolution | Lex Fridman Podcast #79,79.0,2020-03-07T20:54:10Z,Lee Smolin,True,2036,56,71560,229
158,ApVFK3FjgMI,Elon Musk as Inspiration for Science Fiction (Alex Garland) | AI Podcast Clips,,2020-03-06T17:26:48Z,,False,368,8,8821,27
159,7jFdxd1qX2g,"Ann Druyan: Cosmos, Carl Sagan, Voyager, and the Beauty of Science | Lex Fridman Podcast #78",78.0,2020-03-05T14:44:07Z,Ann Druyan,True,1237,45,27229,127
160,RuSDbIcFgbo,Ava's Smile: Ex Machina's Most Important Moment (Alex Garland) | AI Podcast Clips,,2020-03-04T15:54:59Z,Ava's Smile,False,884,18,28856,126
161,gU-mkuMU428,"Alex Garland: Ex Machina, Devs, Annihilation, and the Poetry of Science | Lex Fridman Podcast #77",77.0,2020-03-03T16:09:40Z,Alex Garland,True,3893,68,95189,452
162,l5Uw8qG7vZU,Impostor Syndrome - Pave Your Own Path | AMA #4 - Ask Me Anything with Lex Fridman,,2020-03-02T18:25:50Z,,False,5189,51,98588,433
163,KrdZ46MfNrM,Consciousness is an Explanation of What Already Has Been Computed (John Hopfield) | AI Podcast Clips,,2020-03-01T20:30:54Z,,False,1004,23,29088,183
164,DKyzcbNr8WE,John Hopfield: Physics View of the Mind and Neurobiology | Lex Fridman Podcast #76,76.0,2020-02-29T16:15:45Z,John Hopfield,True,1613,19,46704,118
165,GFB0o1QQyLw,Dealing with Negative Comments | AMA #3 - Ask Me Anything with Lex Fridman,,2020-02-28T18:10:08Z,,False,1227,24,21721,223
166,DCjeM3Sei-s,Occam's Razor (Marcus Hutter) | AI Podcast Clips,,2020-02-27T16:59:29Z,,False,307,5,9690,33
167,E1AxVXt2Gv4,"Marcus Hutter: Universal Artificial Intelligence, AIXI, and AGI | Lex Fridman Podcast #75",75.0,2020-02-26T17:46:46Z,Marcus Hutter,True,1488,27,50430,139
168,AQUAPiHahVY,What is Statistics? (Michael I. Jordan) | AI Podcast Clips,,2020-02-25T17:30:23Z,,False,1253,14,33955,46
169,EYIKy_FM9x0,"Michael I. Jordan: Machine Learning, Recommender Systems, and Future of AI | Lex Fridman Podcast #74",74.0,2020-02-24T13:47:50Z,Michael I. Jordan,True,2312,50,72539,207
170,wuJa1lnv_TQ,Sleep and Burnout | AMA #2 - Ask Me Anything with Lex Fridman,,2020-02-23T15:54:19Z,,False,2633,71,49813,274
171,V-8cx-vQZZQ,Scott Aaronson: Quantum Supremacy | AI Podcast Clips,,2020-02-22T16:35:05Z,Scott Aaronson,False,437,10,16614,33
172,1k37OcjH7BM,Andrew Ng: Advice on Getting Started in Deep Learning | AI Podcast Clips,,2020-02-21T21:01:40Z,Andrew Ng,False,2526,11,64263,87
173,0jspaMLxBig,"Andrew Ng: Deep Learning, Education, and Real-World AI | Lex Fridman Podcast #73",73.0,2020-02-20T17:16:01Z,Andrew Ng,True,6475,74,192185,339
174,wKw1tpN7NVE,Do Something Difficult Every Day | AMA #1 - Ask Me Anything with Lex Fridman,,2020-02-19T17:07:15Z,,False,5759,35,85316,304
175,nK9pzRevsHQ,Scott Aaronson: What is a Quantum Computer? | AI Podcast Clips,,2020-02-18T18:07:00Z,Scott Aaronson,False,1375,24,43689,122
176,uX5t8EivCaM,Scott Aaronson: Quantum Computing | Lex Fridman Podcast #72,72.0,2020-02-17T21:23:12Z,Scott Aaronson,True,3320,67,108993,293
177,7bLeQFhPwzk,Jim Keller: Abstraction Layers from the Atom to the Data Center | AI Podcast Clips,,2020-02-16T13:48:57Z,Jim Keller,False,616,8,14422,41
178,Ow25mjFjSmg,Complete Statistical Theory of Learning (Vladimir Vapnik) | MIT Deep Learning Series,,2020-02-15T15:11:09Z,,False,1235,3,42148,50
179,bQa7hpUpMzM,"Vladimir Vapnik: Predicates, Invariants, and the Essence of Intelligence | Lex Fridman Podcast #71",71.0,2020-02-14T17:33:18Z,Vladimir Vapnik,True,757,14,26431,106
180,1CSeY10zbqo,Jim Keller: Most People Don't Think Simple Enough | AI Podcast Clips,,2020-02-10T16:00:17Z,Jim Keller,False,6030,62,166905,227
181,c01BlUDIlK4,Moore's Law is Not Dead (Jim Keller) | AI Podcast Clips,,2020-02-09T16:00:17Z,,False,3130,62,93566,359
182,ZJoccjJ5KYw,Favorite Boris Pasternak Poem of Buvaisar Saitiev | Joe Rogan Experience,,2020-02-08T17:01:13Z,,False,1236,8,29004,77
183,ymcOLL2qEg8,Jim Keller: Elon Musk and Tesla Autopilot | AI Podcast Clips,,2020-02-07T19:44:05Z,Jim Keller,False,3976,84,127085,636
184,rnfAVasBkQc,Roll the Dice (Go All the Way) by Charles Bukowski | Joe Rogan Experience,,2020-02-06T20:05:51Z,,False,3214,31,60649,163
185,Nb2tebYAaOA,"Jim Keller: Moore's Law, Microprocessors, and First Principles | Lex Fridman Podcast #70",70.0,2020-02-05T20:15:55Z,Jim Keller,True,11672,163,308173,1023
186,JBdMWnrI3fM,Joe Rogan Podcast Theme Music (Guitar),,2020-02-01T19:30:24Z,,False,16940,449,351475,1086
187,uKIk5AL16Bg,David Chalmers: What is Consciousness? | AI Podcast Clips,,2020-01-30T23:52:50Z,David Chalmers,False,856,22,28870,212
188,LW59lMvxmY4,David Chalmers: The Hard Problem of Consciousness | Lex Fridman Podcast #69,69.0,2020-01-29T21:39:19Z,David Chalmers,True,4476,156,190895,725
189,h2SscdSVzE8,"YouTube Algorithm Basics (Cristos Goodrow, VP Engineering at Google) | AI Podcast Clips",,2020-01-26T17:53:01Z,,False,649,19,15044,81
190,nkWmiNRPU-c,Cristos Goodrow: YouTube Algorithm | Lex Fridman Podcast #68,68.0,2020-01-25T22:15:19Z,Cristos Goodrow,True,1382,59,38698,221
191,WbLQqPw_n88,"Efficient Computing for Deep Learning, Robotics, and AI (Vivienne Sze) | MIT Deep Learning Series",,2020-01-23T20:34:56Z,,False,1052,13,39092,46
192,OJQepiqSWvg,"Paul Krugman: Economics of Innovation, Automation, Safety Nets & UBI | Lex Fridman Podcast #67",67.0,2020-01-21T17:57:46Z,Paul Krugman,True,2587,357,71055,540
193,4zrU54VIK6k,Privacy Preserving AI (Andrew Trask) | MIT Deep Learning Series,,2020-01-19T18:18:52Z,,False,1232,13,44255,54
194,owGn_BS--Hs,Daniel Kahneman: How Hard is Autonomous Driving? | AI Podcast Clips,,2020-01-18T16:00:14Z,Daniel Kahneman,False,272,4,11200,16
195,J21-7AsUcgM,Ayanna Howard: Human-Robot Interaction & Ethics of Safety-Critical Systems | Lex Fridman Podcast #66,66.0,2020-01-17T15:46:55Z,Ayanna Howard,True,825,23,19598,84
196,v2eul2PIFpY,Daniel Kahneman: Deep Learning (System 1 and System 2) | AI Podcast Clips,,2020-01-16T16:00:16Z,Daniel Kahneman,False,241,1,7467,16
197,-RXyzNWOf_Y,Grant Sanderson (3Blue1Brown): Is Math Discovered or Invented? | AI Podcast Clips,,2020-01-15T16:00:15Z,Grant Sanderson (3Blue1Brown),False,5744,87,159544,498
198,UwwBG-MbniY,"Daniel Kahneman: Thinking Fast and Slow, Deep Learning, and AI | Lex Fridman Podcast #65",65.0,2020-01-14T18:09:21Z,Daniel Kahneman,True,5587,103,200370,371
199,ao3UoceiL2w,Lex Fridman: Recipe for Progress in AI (Hard Work),,2020-01-13T16:30:36Z,Lex Fridman,False,853,12,19513,31
200,Wtbhb1DM30U,Lex Fridman: Best Way to Understand the Mind is to Build It,,2020-01-12T19:36:01Z,Lex Fridman,False,951,14,24650,70
201,0VH1Lim8gL8,Deep Learning State of the Art (2020) | MIT Deep Learning Series,,2020-01-10T16:04:31Z,,False,19584,365,838172,579
202,U_lKUK2MCsg,Grant Sanderson: 3Blue1Brown and the Beauty of Mathematics | Lex Fridman Podcast #64,64.0,2020-01-07T17:12:53Z,Grant Sanderson,True,9229,91,220886,646
203,YwQN1_YofO4,Stephen Kotkin: Will There Always Be War? | AI Podcast Clips,,2020-01-06T16:00:17Z,Stephen Kotkin,False,291,7,9700,43
204,6X_GYIJFdcc,Stephen Kotkin: Stalin's Rise to Power | AI Podcast Clips,,2020-01-05T16:00:16Z,Stephen Kotkin,False,5614,227,238773,592
205,XDTOs8MgQfg,Donald Knuth: P=NP | AI Podcast Clips,,2020-01-04T16:00:17Z,Donald Knuth,False,918,15,37278,118
206,oCkkjnpS2f8,"Stephen Kotkin: Stalin, Putin, and the Nature of Power | Lex Fridman Podcast #63",63.0,2020-01-03T17:37:41Z,Stephen Kotkin,True,7866,291,287932,876
207,vG0D-kKTF1g,Donald Knuth: Writing Process | AI Podcast Clips,,2020-01-02T16:00:16Z,Donald Knuth,False,286,1,9047,11
208,GghbC3k0yRY,Donald Knuth: Ant Colonies and Human Cognition | AI Podcast Clips,,2020-01-02T05:58:16Z,Donald Knuth,False,188,10,5549,17
209,Pet94FF3qps,Donald Knuth: Alan Turing was the First 100% Geek | AI Podcast Clips,,2019-12-31T16:44:33Z,Donald Knuth,False,286,6,8574,8
210,2BdBfsXbST8,"Donald Knuth: Algorithms, Complexity, and The Art of Computer Programming | Lex Fridman Podcast #62",62.0,2019-12-30T18:33:20Z,Donald Knuth,True,6003,73,165371,310
211,ZVbAOpYv7Sk,If by Rudyard Kipling (read by Lex Fridman),,2019-12-29T18:39:19Z,,False,1533,18,22679,112
212,ImKkaeUx1MU,"Melanie Mitchell: Concepts, Analogies, Common Sense & Future of AI | Lex Fridman Podcast #61",61.0,2019-12-28T18:43:10Z,Melanie Mitchell,True,1566,39,54470,193
213,vGQ3q4dO_9s,"Jim Gates: What is String Theory, Its Status, Its Open Challenges? | AI Podcast Clips",,2019-12-27T16:00:14Z,Jim Gates,False,991,18,34229,132
214,OE0GjS16jyU,Jim Gates: What is Supersymmetry? | AI Podcast Clips,,2019-12-26T16:00:15Z,Jim Gates,False,419,7,13108,49
215,IUHkhB366tE,"Jim Gates: Supersymmetry, String Theory and Proving Einstein Right | Lex Fridman Podcast #60",60.0,2019-12-25T16:28:42Z,Jim Gates,True,11672,344,415467,1716
216,CWb2DGmyr74,Nirvana by Charles Bukowski (read by Lex Fridman),,2019-12-24T20:08:40Z,,False,1016,14,18432,85
217,J4cmDDvQMcw,Sebastian Thrun: Flying Cars Has Always Been the Dream | AI Podcast Clips,,2019-12-23T22:00:15Z,Sebastian Thrun,False,110,1,3707,12
218,b2bE4zFTvnU,Vsauce: Mortality and the Meaning of Life | AI Podcast Clip with Michael Stevens,,2019-12-23T19:00:15Z,Vsauce,False,339,14,10142,39
219,lYl4uFUBaRQ,Sebastian Thrun: Autopilot Makes Me a Safer Driver | AI Podcast Clips,,2019-12-23T16:00:14Z,Sebastian Thrun,False,158,1,3514,7
220,kNqI-PWJsX4,Vsauce: Elon Musk and the Responsibility of a Large Following | AI Podcast Clip with Michael Stevens,,2019-12-22T16:00:14Z,Vsauce,False,362,17,11707,30
221,ZPPAOakITeQ,"Sebastian Thrun: Flying Cars, Autonomous Vehicles, and Education | Lex Fridman Podcast #59",59.0,2019-12-21T17:49:37Z,Sebastian Thrun,True,2015,40,55387,186
222,GExZrVvT2fw,Vsauce: What Does it Mean to Be Intelligent? | AI Podcast Clip with Michael Stevens,,2019-12-20T16:00:14Z,Vsauce,False,150,10,5386,29
223,BkhIenG0wgk,Vsauce: Consciousness | AI Podcast Clip with Michael Stevens,,2019-12-19T16:00:14Z,Vsauce,False,193,7,6096,22
224,2A1FOi1plmQ,Vsauce: Perception vs Reality | AI Podcast Clip with Michael Stevens,,2019-12-18T16:00:15Z,Vsauce,False,153,5,3967,19
225,3qMemn__kK8,Michael Stevens: Vsauce | Lex Fridman Podcast #58,58.0,2019-12-17T14:20:47Z,Michael Stevens,True,5553,166,135416,476
226,uTokXhkQ_b8,Rohit Prasad: Deep Learning is Not Enough to Solve Reasoning | AI Podcast Clips,,2019-12-16T19:00:13Z,Rohit Prasad,False,143,5,5478,20
227,SLpMIlR1WGw,Rohit Prasad: Solving Far-Field Speech Recognition and Intent Understanding | AI Podcast Clips,,2019-12-15T19:00:14Z,Rohit Prasad,False,91,5,2808,11
228,f2aOe-AATps,Rohit Prasad: Alexa Prize | AI Podcast Clips,,2019-12-15T16:00:14Z,Rohit Prasad,False,69,3,2431,4
229,Ad89JYS-uZM,Rohit Prasad: Amazon Alexa and Conversational AI | Lex Fridman Podcast #57,57.0,2019-12-14T15:11:32Z,Rohit Prasad,True,1015,34,39490,97
230,0rd3TB_dIQo,Judea Pearl: Human-Level AI and the Test of Free Will | AI Podcast Clips,,2019-12-13T14:29:47Z,Judea Pearl,False,51,3,2321,5
231,SAf0e4LEFtY,Judea Pearl: Daniel Pearl | AI Podcast Clips,,2019-12-13T14:29:47Z,Judea Pearl,False,68,1,2277,10
232,oFy2927b8jQ,Judea Pearl: Correlation and Causation | AI Podcast Clips,,2019-12-13T14:29:47Z,Judea Pearl,False,123,2,4806,9
233,5vH__7w346Q,Judea Pearl: Advice for Students | AI Podcast Clips,,2019-12-12T14:29:55Z,Judea Pearl,False,223,4,5136,10
234,Oh7ys3GIaTM,Judea Pearl: Free Will is an Illusion | AI Podcast Clips,,2019-12-12T14:29:55Z,Judea Pearl,False,193,9,6486,65
235,s0nw1Y88aw0,Judea Pearl: Concerns for AGI | AI Podcast Clips,,2019-12-12T14:29:55Z,Judea Pearl,False,93,4,2638,13
236,pEBI0vF45ic,"Judea Pearl: Causal Reasoning, Counterfactuals, and the Path to AGI | Lex Fridman Podcast #56",56.0,2019-12-11T16:34:59Z,Judea Pearl,True,1902,46,56092,232
237,DUPZhVdRvQM,Sean Carroll: Experimental Validation of Quantum Mechanics Interpretations and Emergent Spacetime,,2019-12-10T14:29:48Z,Sean Carroll,False,128,5,4533,9
238,JB2-5Lzverk,Ray Dalio: Meaning of Life | AI Podcast Clips,,2019-12-10T14:29:48Z,Ray Dalio,False,147,10,4280,21
239,asAveTK0piw,Ray Dalio: Is Credit Good for Society? | AI Podcast Clips,,2019-12-09T14:29:51Z,Ray Dalio,False,223,3,7888,18
240,fI2QMqSapBM,Sean Carroll: What is Fundamental in Physics?,,2019-12-09T14:29:47Z,Sean Carroll,False,145,2,4397,18
241,w7gIClKZ85s,"Bjarne Stroustrup: C++ Standards - C++03, C++11, C++14, C++17, C++20",,2019-12-09T14:29:47Z,Bjarne Stroustrup,False,194,2,7065,5
242,9mL26U3GGcc,Ray Dalio: Work-Life Balance and the Arc of Life | AI Podcast Clips,,2019-12-08T14:29:56Z,Ray Dalio,False,187,5,5683,7
243,F-H2yg5PT04,Michio Kaku: Space Travel and Colonization of Mars | AI Podcast Clips,,2019-12-08T14:29:56Z,Michio Kaku,False,383,12,14780,40
244,mzcGvaZyyKs,Noam Chomsky: Good and Evil in Human Nature,,2019-12-08T14:29:56Z,Noam Chomsky,False,197,5,9334,19
245,orx9KG-GcaA,Whitney Cummings: Compassion Toward Robots | AI Podcast Clips,,2019-12-07T13:33:16Z,Whitney Cummings,False,75,34,3533,8
246,pRorAkMc-q4,Whitney Cummings: Neurology and Mind over Matter | AI Podcast Clips,,2019-12-07T13:33:12Z,Whitney Cummings,False,122,18,4053,7
247,bCtOFZoCvBE,Ray Dalio: Automation and Universal Basic Income | AI Podcast Clips,,2019-12-07T13:33:09Z,Ray Dalio,False,554,44,19284,220
248,JNNfeqt9BAU,"Ray Dalio: What Elon Musk, Steve Jobs, and Other Shapers Have in Common | AI Podcast Clips",,2019-12-06T17:14:14Z,Ray Dalio,False,1074,21,32696,53
249,_tg9F5_P3CY,Ray Dalio: Idea Meritocracy | AI Podcast Clips,,2019-12-06T17:14:12Z,Ray Dalio,False,55,1,1573,2
250,X7JCyI8_lQw,Noam Chomsky: Language is the Basis of Reason and Creativity,,2019-12-06T17:14:09Z,Noam Chomsky,False,144,5,4572,20
251,0-3kw5BEKB8,"Whitney Cummings: Comedy, Robotics, Neurology, and Love | Lex Fridman Podcast #55",55.0,2019-12-05T13:01:06Z,Whitney Cummings,True,5407,539,204754,711
252,QeWcprAJjqs,Ray Dalio: Bitcoin | AI Podcast Clips,,2019-12-05T00:19:50Z,Ray Dalio,False,279,36,14681,121
253,TwSCDHqGAsg,Ray Dalio: Artificial Intelligence Principles | AI Podcast Clips,,2019-12-05T00:19:48Z,Ray Dalio,False,206,3,5850,12
254,mTzzvRBEGEM,Ray Dalio: Can Money Buy Happiness? | AI Podcast Clips,,2019-12-05T00:19:45Z,Ray Dalio,False,179,2,5246,35
255,GQ0IvUi1bds,Ray Dalio: What is Money?,,2019-12-03T16:16:13Z,Ray Dalio,False,858,21,34460,135
256,Rh7tHge2Ymw,"Ray Dalio: Madness, Genius, and the Call for Adventure",,2019-12-03T16:16:13Z,Ray Dalio,False,163,4,4675,8
257,zk2exSZlR1Y,Ray Dalio: Uncertainty and the Abyss,,2019-12-03T16:16:13Z,Ray Dalio,False,197,4,5385,6
258,M95m2EFb7IQ,"Ray Dalio: Principles, the Economic Machine, AI & the Arc of Life | Lex Fridman Podcast #54",54.0,2019-12-02T17:12:36Z,Ray Dalio,True,5223,123,174288,380
259,ndwIZPBs8Y4,Noam Chomsky: Deep Learning is Useful but It Doesn't Tell You Anything about Human Language,,2019-12-01T18:45:07Z,Noam Chomsky,False,300,11,12866,83
260,qsQvdo2GEQ4,Noam Chomsky: Meaning of Life,,2019-12-01T18:43:16Z,Noam Chomsky,False,1687,51,71301,261
261,MRcrJHxhWMY,Noam Chomsky: Deepest Property of Language,,2019-11-30T18:59:12Z,Noam Chomsky,False,349,7,12680,46
262,X9z9LODEjo4,Noam Chomsky: Neuralink and the Expansion of Cognitive Capacity,,2019-11-30T18:59:12Z,Noam Chomsky,False,458,25,19943,168
263,cMscNuSUy0I,"Noam Chomsky: Language, Cognition, and Deep Learning | Lex Fridman Podcast #53",53.0,2019-11-29T16:08:32Z,Noam Chomsky,True,9607,252,286856,699
264,Go7sw_plJwA,Gilbert Strang: Why People Like Math,,2019-11-28T13:36:48Z,Gilbert Strang,False,270,1,6759,20
265,YPe5OP7Clv4,Gilbert Strang: Singular Value Decomposition,,2019-11-28T13:36:48Z,Gilbert Strang,False,503,3,13362,16
266,Lz_WksheWqc,Gilbert Strang: MIT OpenCourseWare (OCW),,2019-11-27T19:47:18Z,Gilbert Strang,False,114,0,2710,12
267,QeasxsO82LU,Gilbert Strang: Teaching Math by Example,,2019-11-27T19:47:18Z,Gilbert Strang,False,90,3,2993,7
268,_G6Sh7P-cK4,Gilbert Strang: Four Fundamental Subspaces of Linear Algebra,,2019-11-27T01:20:00Z,Gilbert Strang,False,257,1,6662,7
269,osEADxaIKIc,Gilbert Strang: Linear Algebra vs Calculus,,2019-11-27T01:20:00Z,Gilbert Strang,False,840,8,24870,40
270,lEZPfmGCEk0,"Gilbert Strang: Linear Algebra, Teaching, and MIT OpenCourseWare | Lex Fridman Podcast #52",52.0,2019-11-25T14:11:06Z,Gilbert Strang,True,4719,51,114952,265
271,8libSL9vc1U,Dava Newman: Reusable Rockets,,2019-11-24T19:16:30Z,Dava Newman,False,136,1,3906,13
272,9Tqm1gWQxTs,Dava Newman: Role of AI in Space Travel,,2019-11-24T19:16:30Z,Dava Newman,False,118,5,3059,10
273,kEaX2DAjol8,Dava Newman: Space Suit of the Future,,2019-11-23T18:37:20Z,Dava Newman,False,312,11,8960,25
274,tHldJ8-I1NE,Dava Newman: Life on Mars and Beyond,,2019-11-23T18:37:20Z,Dava Newman,False,141,2,3476,11
275,2fI6bYnRgSc,"Dava Newman: Space Exploration, Space Suits, and Life on Mars | Lex Fridman Podcast #51",51.0,2019-11-22T18:15:25Z,Dava Newman,True,1474,39,36167,109
276,feRZv1-OLP0,Sean Carroll: Time Travel in Many-Worlds,,2019-11-21T14:53:41Z,Sean Carroll,False,195,6,6769,45
277,KWD6j5B_Lio,Michael Kearns: Algorithmic Trading and the Role of AI in Investment at Different Time Scales,,2019-11-21T14:53:40Z,Michael Kearns,False,232,4,7799,9
278,vaFhEgLoUe0,Michael Kearns: Differential Privacy,,2019-11-21T14:53:40Z,Michael Kearns,False,80,1,2395,10
279,4WGbCJQU6BU,Michael Kearns: Game Theory and Machine Learning,,2019-11-20T18:56:05Z,Michael Kearns,False,309,1,8684,9
280,AzdxbzHtjgs,"Michael Kearns: Algorithmic Fairness, Privacy & Ethics | Lex Fridman Podcast #50",50.0,2019-11-19T18:00:17Z,Michael Kearns,True,777,27,27206,71
281,K3W56e9j4UY,"Bjarne Stroustrup: Journey to C++ from Fortran, Algol, Simula, and C",,2019-11-18T18:34:29Z,Bjarne Stroustrup,False,208,0,7066,16
282,TUFC9V0sA_U,Sean Carroll: What is the Wave Function?,,2019-11-18T18:34:29Z,Sean Carroll,False,418,10,15089,31
283,psxKoMh-Q8I,Michio Kaku: The Greatest Destroyer of Scientists is Junior High School | AI Podcast Clips,,2019-11-18T18:34:29Z,Michio Kaku,False,391,7,9521,22
284,ilNPyQiEh2E,Elon Musk: Consciousness,,2019-11-17T17:53:16Z,Elon Musk,False,1069,32,35804,229
285,6CTJMx64Vbw,Elon Musk: Understanding the Human Brain at Neuralink,,2019-11-17T17:52:52Z,Elon Musk,False,278,6,13820,27
286,1soLVufJWLU,Elon Musk: Perception vs Control - What's Harder?,,2019-11-16T13:57:05Z,Elon Musk,False,254,5,8310,27
287,qdpxt7BecZE,Elon Musk: Brain Computer Interfaces - Machine Learning and Neuroplasticity,,2019-11-16T13:56:54Z,Elon Musk,False,188,5,6262,12
288,LfRHpEY62r0,Elon Musk: So You're Saying There's a Chance - Neuralink and Merging with AI,,2019-11-15T16:38:27Z,Elon Musk,False,361,11,13668,41
289,eR99-PDZqTg,"Elon Musk: Smart Summon, AutoPark, and Tesla Autopilot",,2019-11-15T16:38:08Z,Elon Musk,False,453,11,20472,46
290,4Ei7MQjRK0U,"Elon Musk: Limbic System, Cerebral Cortex, and a Tertiary Layer of Digital Super-Intelligence",,2019-11-14T21:15:44Z,Elon Musk,False,458,9,10696,45
291,9OmE4jEVIfQ,Elon Musk: Regulation of AI Safety,,2019-11-14T21:15:08Z,Elon Musk,False,184,7,6062,35
292,lVsZD2wF1vw,Elon Musk: Pale Blue Dot and Beyond,,2019-11-13T16:51:40Z,Elon Musk,False,1918,25,38531,195
293,smK9dgdTl40,"Elon Musk: Neuralink, AI, Autopilot, and the Pale Blue Dot | Lex Fridman Podcast #49",49.0,2019-11-12T17:35:22Z,Elon Musk,True,40313,916,1317772,4114
294,Dnj0rnlV2aA,Sean Carroll: What is Quantum Entanglement?,,2019-11-11T22:10:41Z,Sean Carroll,False,361,6,17819,39
295,OPW1cDC_jT8,Bjarne Stroustrup: C++ Concepts - Constraints on Template Parameters,,2019-11-11T22:10:41Z,Bjarne Stroustrup,False,219,2,8147,22
296,kOfXwml6ce4,Michio Kaku: Would Aliens Destroy Us? | AI Podcast Clips,,2019-11-11T22:10:41Z,Michio Kaku,False,756,25,35083,183
297,5An1sNznblQ,Bjarne Stroustrup: Learn More than One Programming Language,,2019-11-10T20:20:01Z,Bjarne Stroustrup,False,2785,22,81959,179
298,PosRteenGvQ,Bjarne Stroustrup: Simplification is the Key to Reliability and Efficiency in Code,,2019-11-10T20:20:01Z,Bjarne Stroustrup,False,427,3,11869,39
299,pnWkj6Caelc,Bjarne Stroustrup: Recognizing Beautiful Code,,2019-11-10T20:20:01Z,Bjarne Stroustrup,False,626,4,19732,42
300,Ygmg5WJwYTc,Sean Carroll: Mindscape Podcast,,2019-11-09T18:57:09Z,Sean Carroll,False,44,1,2413,4
301,ZQds2aGHwDA,"Bjarne Stroustrup: C++ Implementations - Clang, GCC, Microsoft, and EDG",,2019-11-09T18:57:09Z,Bjarne Stroustrup,False,1758,25,58376,148
302,fjIhFzTUB9I,"Bjarne Stroustrup: Deep Learning, Software 2.0, and Fuzzy Programming",,2019-11-09T18:57:09Z,Bjarne Stroustrup,False,1003,24,34188,91
303,G5zCGY0tkq8,Bjarne Stroustrup: C++ Zero-Overhead Principle and Object-Oriented Programming,,2019-11-08T21:20:41Z,Bjarne Stroustrup,False,1651,22,49587,159
304,LlZWqkCMdfk,"Bjarne Stroustrup: Constructors, Destructors, and Resource Acquisition Is Initialization (RAII)",,2019-11-08T21:20:41Z,Bjarne Stroustrup,False,167,3,4502,12
305,uTxRF5ag27A,Bjarne Stroustrup: C++ | Lex Fridman Podcast #48,48.0,2019-11-07T17:48:48Z,Bjarne Stroustrup,True,10263,147,309645,805
306,9GV4QmQWJGU,Sean Carroll: Hilbert Space and Infinity,,2019-11-06T16:16:44Z,Sean Carroll,False,1451,42,68419,105
307,DG5j1HsWAOg,Sean Carroll: Arrow of Time,,2019-11-06T16:16:29Z,Sean Carroll,False,215,2,8122,11
308,kxvQ3Wyw2M4,Sean Carroll: Many-Worlds Interpretation of Quantum Mechanics,,2019-11-05T18:33:29Z,Sean Carroll,False,1783,44,76524,223
309,F0UjC6wfqmc,Sean Carroll: Perception vs Reality,,2019-11-05T18:33:13Z,Sean Carroll,False,100,0,3241,14
310,eHZHlbdOp9s,Sean Carroll: What is an Atom?,,2019-11-04T17:22:04Z,Sean Carroll,False,133,6,5497,10
311,vgks_1Gml7k,Sean Carroll: Capacity of the Human Mind to Understand Physics,,2019-11-04T17:21:39Z,Sean Carroll,False,447,7,14704,20
312,yppge-XoWLM,Sean Carroll: What is Quantum Mechanics?,,2019-11-03T18:58:18Z,Sean Carroll,False,138,1,7561,12
313,5oZV0Zhi-tk,Sean Carroll: Why is Our World so Compressible into Simple Equations | AI Podcast Clips,,2019-11-03T18:57:28Z,Sean Carroll,False,86,1,3637,6
314,xmahFBpHoHc,Sean Carroll: Difference Between Math and Physics | AI Podcast Clips,,2019-11-02T14:36:50Z,Sean Carroll,False,319,6,11453,26
315,ZR3xQ7ouPew,Sean Carroll: Quantum Gravity | AI Podcast Clips,,2019-11-02T14:36:26Z,Sean Carroll,False,286,3,10452,27
316,iNqqOLscOBY,Sean Carroll: Quantum Mechanics and the Many-Worlds Interpretation | Lex Fridman Podcast #47,47.0,2019-11-01T16:56:35Z,Sean Carroll,True,6336,232,361073,604
317,-dvT6SWdWUk,Michio Kaku: We'll Make Contact with Aliens in This Century | AI Podcast Clips,,2019-10-31T15:46:45Z,Michio Kaku,False,13371,467,671473,3099
318,hm9XvPWtZ6Q,Michio Kaku: AI Will Help Us Discover Genetic Immortality | AI Podcast Clips,,2019-10-31T15:46:45Z,Michio Kaku,False,197,6,5614,33
319,1PdBl7JlDT8,Michio Kaku: No Computer Can Simulate the Universe Except the Universe Itself | AI Podcast Clips,,2019-10-30T17:02:24Z,Michio Kaku,False,2402,142,112933,765
320,hIYnMlkKe30,Garry Kasparov: Fear of Mistake Guarantees Mistakes | AI Podcast Clips,,2019-10-30T17:01:47Z,Garry Kasparov,False,306,3,6204,15
321,hbtuHtrViPo,"Garry Kasparov: IBM Deep Blue, AlphaZero, and the Limits of AI in Open Systems | AI Podcast Clips",,2019-10-29T16:53:20Z,Garry Kasparov,False,2845,36,126701,356
322,Np1zODg5cqc,Garry Kasparov: Magnus Carlsen is a Lethal Combination of Fischer and Karpov | AI Podcast Clips,,2019-10-28T18:03:38Z,Garry Kasparov,False,9939,132,565774,1231
323,Lt7cSpotGRA,Garry Kasparov: The Butterfly Effect and the Wisdom of Forrest Gump | AI Podcast Clips,,2019-10-28T18:01:57Z,Garry Kasparov,False,157,2,4538,10
324,8RVa0THWUWw,"Garry Kasparov: Chess, Deep Blue, AI, and Putin | Lex Fridman Podcast #46",46.0,2019-10-27T17:55:35Z,Garry Kasparov,True,7662,210,230872,672
325,ZyuN4Y9MXw0,Michio Kaku: String Theory | AI Podcast Clips,,2019-10-26T16:55:48Z,Michio Kaku,False,167,11,4944,12
326,ssAGfhBInT0,David Ferrucci: AI Understanding the World Through Shared Knowledge Frameworks | AI Podcast Clips,,2019-10-26T16:55:48Z,David Ferrucci,False,97,1,2675,5
327,1oC_Zigft3k,Michio Kaku: The Mind of Einstein's God | AI Podcast Clips,,2019-10-25T14:43:03Z,Michio Kaku,False,248,9,7525,62
328,OrBuE15CvCo,Michio Kaku: Universes Are Being Created All the Time | AI Podcast Clips,,2019-10-25T14:42:55Z,Michio Kaku,False,120,2,3678,11
329,jshQHkAtZgY,Michio Kaku: Brain-Computer Interfaces | AI Podcast Clips,,2019-10-24T16:29:27Z,Michio Kaku,False,420,13,12254,59
330,A1outDf1Vjs,David Ferrucci: Humor as the Turing Test for Intelligence | AI Podcast Clips,,2019-10-24T16:29:11Z,David Ferrucci,False,65,0,1972,2
331,DEu24V8vfb8,Michio Kaku: What Would Aliens Look Like? | AI Podcast Clips,,2019-10-23T15:53:24Z,Michio Kaku,False,3244,107,131755,495
332,U417rM93tkM,Michio Kaku: Alien Laser Superhighway and Digital Immortality | AI Podcast Clips,,2019-10-23T15:53:24Z,Michio Kaku,False,116,9,3844,28
333,kD5yc1LQrpQ,"Michio Kaku: Future of Humans, Aliens, Space Travel & Physics | Lex Fridman Podcast #45",45.0,2019-10-22T14:27:19Z,Michio Kaku,True,33851,1904,1708847,4421
334,bHPeGhbSVpw,Stuart Russell: The Control Problem of Super-Intelligent AI | AI Podcast Clips,,2019-10-13T16:30:32Z,Stuart Russell,False,307,8,8737,76
335,4Hx15WVxvII,David Ferrucci: The Story of IBM Watson Winning in Jeopardy | AI Podcast Clips,,2019-10-12T18:36:21Z,David Ferrucci,False,113,2,4096,5
336,JcWMVzkzQ1U,David Ferrucci: What is Intelligence? | AI Podcast Clips,,2019-10-12T18:36:21Z,David Ferrucci,False,194,9,5390,16
337,Whtt2H5_isM,"David Ferrucci: IBM Watson, Jeopardy & Deep Conversations with AI | Lex Fridman Podcast #44",44.0,2019-10-11T16:46:42Z,David Ferrucci,True,1213,34,55417,102
338,CycWAqivFu0,François Chollet: Limits of Deep Learning | AI Podcast Clips,,2019-10-10T19:38:22Z,François Chollet,False,364,5,12511,26
339,-I6plWpbbSQ,François Chollet: Scientific Progress is Not Exponential | AI Podcast Clips,,2019-10-09T13:37:35Z,François Chollet,False,241,8,6174,24
340,_TWgsvF4hBQ,Machine Learning at Spotify - Gustav Soderstrom | AI Podcast Clips,,2019-10-09T13:37:28Z,,False,231,4,6979,13
341,44tFKZhPyP0,François Chollet: History of Keras and TensorFlow | AI Podcast Clips,,2019-10-08T13:49:47Z,François Chollet,False,152,2,5630,3
342,LqGTFqPEXWs,Jeremy Howard: Very Fast Training of Neural Networks | AI Podcast Clips,,2019-10-08T13:49:47Z,Jeremy Howard,False,314,3,7183,14
343,wh_IZNHH2S0,Gary Marcus: Limits of Deep Learning | AI Podcast Clips,,2019-10-07T12:51:44Z,Gary Marcus,False,250,3,7826,24
344,rvRwHKeNNAo,Gary Marcus: Nature vs Nurture is a False Dichotomy | AI Podcast Clips,,2019-10-07T12:51:31Z,Gary Marcus,False,290,3,7187,19
345,XHyASP49ses,"Jeremy Howard: Deep Learning Frameworks - TensorFlow, PyTorch, fast.ai | AI Podcast Clips",,2019-10-06T14:11:18Z,Jeremy Howard,False,1773,19,62297,90
346,maAJXNDjIcQ,Yann LeCun: Human-Level Artificial Intelligence | AI Podcast Clips,,2019-10-06T14:10:56Z,Yann LeCun,False,175,2,3918,15
347,vNOTDn3D_RI,Gary Marcus: Toward a Hybrid of Deep Learning and Symbolic AI | Lex Fridman Podcast #43,43.0,2019-10-03T11:31:02Z,Gary Marcus,True,1520,39,48488,167
348,y0c1yrPDLN8,Peter Norvig: We Are Seduced by Our Low-Dimensional Metaphors | AI Podcast Clips,,2019-10-01T17:39:23Z,Peter Norvig,False,224,3,5864,13
349,_VPxEcT_Adc,Peter Norvig: Artificial Intelligence: A Modern Approach | Lex Fridman Podcast #42,42.0,2019-09-30T17:47:07Z,,True,1486,26,49297,103
350,_UOCD4nKseQ,Leonard Susskind: Richard Feynman and Intuitive Visualization vs Rigorous Mathematics,,2019-09-29T15:44:51Z,Leonard Susskind,False,359,5,10082,11
351,sHaGQg0avLg,Leonard Susskind: Are We a Computer Simulation with a Purpose? | AI Podcast Clips,,2019-09-28T15:44:56Z,Leonard Susskind,False,296,7,8721,55
352,3jNSlGHC0O0,Leonard Susskind: The Power of Quantum Computers | AI Podcast Clips,,2019-09-28T15:44:09Z,Leonard Susskind,False,359,12,14694,10
353,pcF51qtpKHA,Leonard Susskind: Is Ego Powerful or Dangerous in Science? | AI Podcast Clips,,2019-09-27T16:53:36Z,Leonard Susskind,False,181,0,3829,7
354,6W0-rhAe2Uo,Leonard Susskind: Black Hole Image is Astonishing | AI Podcast Clips,,2019-09-27T16:53:11Z,Leonard Susskind,False,221,4,7192,28
355,s78hvV3QLUE,"Leonard Susskind: Quantum Mechanics, String Theory and Black Holes | Lex Fridman Podcast #41",41.0,2019-09-26T16:29:53Z,Leonard Susskind,True,10523,237,374568,831
356,8N_ljeGoLKA,Many People are Einstein but in the Patent Clerk Days - François Chollet | AI Podcast Clips,,2019-09-24T17:29:41Z,,False,1201,29,36089,114
357,gIYoiRX-eF4,Kai-Fu Lee: Autonomous Vehicle Infrastructure | AI Podcast Clips,,2019-09-24T17:29:41Z,Kai-Fu Lee,False,64,2,2045,2
358,j7gM19hphRk,"How to Build a Successful Robotics Company - Colin Angle, iRobot CEO | AI Podcast Clips",,2019-09-24T17:29:41Z,,False,209,4,5278,4
359,rKKtFR3koM4,Yann LeCun: Benchmarks for Human-Level Intelligence | AI Podcast Clips,,2019-09-24T17:29:40Z,Yann LeCun,False,89,2,2199,16
360,x0-zGdlpTeg,Regina Barzilay: Deep Learning for Cancer Diagnosis and Treatment | Lex Fridman Podcast #40,40.0,2019-09-23T16:54:37Z,Regina Barzilay,True,760,12,23220,59
361,rojCCjUC2GI,Roomba vs Autonomous Vehicles: Vision not Lidar is the Future for Robotics - iRobot CEO | AI Clip,,2019-09-22T18:35:16Z,Roomba vs Autonomous Vehicles,False,285,8,8431,19
362,IbQyOCkrddY,George Hotz: Elon is the iOS | AI Podcast Clips,,2019-09-21T18:00:18Z,George Hotz,False,396,13,19633,31
363,1d9Dj9dT_pw,Colin Angle: iRobot CEO | Lex Fridman Podcast #39,39.0,2019-09-19T14:19:29Z,Colin Angle,True,722,12,21602,53
364,sRpupOIrGxc,"Human Brain Development - Paola Arlotta, Professor, Harvard Stem Cell Institute | AI Podcast Clips",,2019-09-18T12:19:25Z,,False,208,5,4580,11
365,Ph1TMC9qZYA,Sean Carroll: Space Travel is Crucially Important Long-Term | AI Podcast Clips,,2019-09-17T12:55:05Z,Sean Carroll,False,147,4,4031,12
366,oD54vJlG-S4,What is Intelligence? - François Chollet and Lex Fridman | AI Podcast Clips,,2019-09-16T17:32:56Z,,False,300,6,8572,14
367,WvdR2QEdbt8,Yann LeCun: Was HAL 9000 Good or Evil? - Space Odyssey 2001 | AI Podcast Clips,,2019-09-15T23:45:32Z,Yann LeCun,False,164,1,4762,25
368,Bo8MY4JpiXE,"François Chollet: Keras, Deep Learning, and the Progress of AI | Lex Fridman Podcast #38",38.0,2019-09-14T16:28:23Z,François Chollet,True,2827,57,103971,202
369,YxKMiVqqBgU,George Hotz: Winning - A Reinforcement Learning Approach | AI Podcast Clips,,2019-09-13T14:05:58Z,George Hotz,False,289,4,8333,19
370,lLnp51A6azc,Kai-Fu Lee: Question for AGI - What is the Difference Between Me and You? | AI Podcast Clips,,2019-09-12T18:29:39Z,Kai-Fu Lee,False,167,9,4040,23
371,igTPC0yFJgg,Elon Musk: Treat All Input as Error | AI Podcast Clips,,2019-09-11T17:23:10Z,Elon Musk,False,715,25,40935,45
372,Bi7f1JSSlh8,Most Research in Deep Learning is a Total Waste of Time - Jeremy Howard | AI Podcast Clips,,2019-09-10T17:13:34Z,,False,5464,195,182839,307
373,1F77Jy7BJzQ,Sean Carroll: Is There Intelligent Life Out There in the Universe? | AI Podcast Clips,,2019-09-09T17:29:20Z,Sean Carroll,False,1536,153,76305,567
374,HYsLTNXMl1Q,Vijay Kumar: Flying Robots | Lex Fridman Podcast #37,37.0,2019-09-08T16:36:42Z,Vijay Kumar,True,1003,13,30910,62
375,JBSj5OP64LM,Elon Musk: Physics View of Love | AI Podcast Clips,,2019-09-07T19:09:33Z,Elon Musk,False,609,11,17481,51
376,_oLA7jH23m4,Eric Weinstein: Artificial Outelligence - AI that Evolves & Self-Replicates | AI Podcast Clips,,2019-09-06T13:47:11Z,Eric Weinstein,False,320,13,9614,27
377,J7z9V44SFSw,"George Hotz: 3 Problems of Autonomous Driving: Static, Dynamic, Counterfactual | AI Podcast Clips",,2019-09-05T16:05:23Z,,False,633,15,25257,68
378,UQAHz_JoGJ0,Yann LeCun: Sophia and Does AI Need a Body? | AI Podcast Clips,,2019-09-03T16:15:50Z,Yann LeCun,False,188,3,5471,16
379,uYv8eFLe0Tg,Yann LeCun on Autonomous Driving: Deep Learning is Obviously Part of the Solution | AI Podcast Clips,,2019-09-02T18:40:37Z,Yann LeCun on Autonomous Driving,False,202,3,6643,3
380,YAfwNEY826I,Yann LeCun: Can Neural Networks Reason? | AI Podcast Clips,,2019-09-01T14:59:59Z,Yann LeCun,False,514,8,14032,11
381,SGSOCuByo24,"Yann LeCun: Deep Learning, ConvNets, and Self-Supervised Learning | Lex Fridman Podcast #36",36.0,2019-08-31T15:55:16Z,Yann LeCun,True,3086,55,101511,181
382,_SpptYg_0Rs,Are We Living in a Simulation? with George Hotz and Lex Fridman | AI Podcast Clips,,2019-08-29T13:09:02Z,,False,1571,51,57749,221
383,4CTDdxfSXF0,Deep Learning: Advice on Getting Started with fast.ai - Jeremy Howard | AI Podcast Clips,,2019-08-28T18:24:35Z,Deep Learning,False,941,10,20088,36
384,J6XcP4JOHmk,Jeremy Howard: fast.ai Deep Learning Courses and Research | Lex Fridman Podcast #35,35.0,2019-08-27T16:00:25Z,Jeremy Howard,True,2913,55,89381,167
385,lNxJu0I6vvM,Eric Weinstein: Struggle Mightily but Give Yourself a Break | AI Podcast Clips,,2019-08-25T16:20:05Z,Eric Weinstein,False,925,17,18073,25
386,dpqLy-3cHmc,"Elon Musk: It's Game, Set, Match - Tesla is Vastly Ahead of Everyone | AI Podcast Clips",,2019-08-24T15:36:52Z,Elon Musk,False,1440,52,46203,137
387,i6rnzk8VU24,Pamela McCorduck: Machines Who Think and the Early Days of AI | Lex Fridman Podcast #34,34.0,2019-08-23T14:27:36Z,Pamela McCorduck,True,628,24,16314,68
388,zhZXZ35lF7s,Competing with SpaceX: America Was Built on Competition - Lockheed Martin CTO | AI Podcast Clips,,2019-08-22T19:09:28Z,Competing with SpaceX,False,193,12,5961,20
389,PliUHKl5xA4,Sean Carroll: Understanding the Origin of Life is Within the Reach of Science | AI Podcast Clips,,2019-08-21T13:49:53Z,Sean Carroll,False,227,12,5538,29
390,S7gSD-LXT34,Andrew Yang is Ahead of His Time - Kai-Fu Lee | AI Podcast Clips,,2019-08-20T14:03:26Z,,False,1623,136,47495,514
391,anXep8kBOCg,Keoki Jackson: Lockheed Martin | Lex Fridman Podcast #33,33.0,2019-08-19T14:24:00Z,Keoki Jackson,True,862,60,29436,112
392,f3nF7sq1gKE,Chris Urmson: Is Lidar a Crutch? | AI Podcast Clips,,2019-08-17T15:27:37Z,Chris Urmson,False,425,20,15470,74
393,YIVf3P3zq7g,Elon Musk: What's Outside the Simulation? | AI Podcast Clips,,2019-08-16T13:38:03Z,Elon Musk,False,2252,88,56562,413
394,f8iTPmrh3Yk,Simple Man (Lynyrd Skynyrd Cover),,2019-08-15T14:06:37Z,,False,8204,170,153274,811
395,RQ6Xk3ZHso4,Tesla is Going to Win Level 5 - George Hotz  | AI Podcast Clips,,2019-08-14T14:21:53Z,,False,1107,45,44942,82
396,lVHRs3uTHNI,Paola Arlotta: Brain Development from Stem Cell to Organoid | Lex Fridman Podcast #32,32.0,2019-08-12T15:18:36Z,Paola Arlotta,True,1086,15,24720,95
397,iwcYp-XT7UI,"George Hotz: Comma.ai, OpenPilot, and Autonomous Vehicles | Lex Fridman Podcast #31",31.0,2019-08-05T14:21:05Z,George Hotz,True,16110,359,582022,1694
398,QDN6xvhAw94,Kevin Scott: Microsoft CTO | Lex Fridman Podcast #30,30.0,2019-08-01T19:07:08Z,Kevin Scott,True,796,49,28323,67
399,v-9Mpe7NhkM,Gustav Soderstrom: Spotify | Lex Fridman Podcast #29,29.0,2019-07-29T14:12:48Z,Gustav Soderstrom,True,717,15,25553,54
400,Tj6NOfdfa4o,"Chris Urmson: Self-Driving Cars at Aurora, Google, CMU, and DARPA | Lex Fridman Podcast #28",28.0,2019-07-22T14:19:07Z,Chris Urmson,True,704,20,26501,51
401,cQ48rP_Rs4g,Kai-Fu Lee: AI Superpowers - China and Silicon Valley | Lex Fridman Podcast #27,27.0,2019-07-15T15:10:08Z,Kai-Fu Lee,True,3559,106,122381,338
402,l-NJrvyRo0c,"Sean Carroll: The Nature of the Universe, Life, and Intelligence | Lex Fridman Podcast #26",26.0,2019-07-10T15:40:04Z,Sean Carroll,True,3565,118,139543,353
403,-EVqrDlAqYo,Jeff Hawkins: Thousand Brains Theory of Intelligence | Lex Fridman Podcast #25,25.0,2019-07-01T15:28:52Z,Jeff Hawkins,True,4693,172,255015,521
404,vgUGv1977ws,Arianna Huffington: Thrive Global and the Huffington Post | Take It Uneasy Podcast,,2019-06-26T18:18:55Z,Arianna Huffington,False,209,57,6842,23
405,kq0VO1FqE6I,"Rosalind Picard: Affective Computing, Emotion, Privacy, and Health | Lex Fridman Podcast #24",24.0,2019-06-17T15:56:05Z,Rosalind Picard,True,601,25,17555,62
406,q0mokx-iiws,Gavin Miller: Adobe Research | Lex Fridman Podcast #23,23.0,2019-06-10T19:17:58Z,Gavin Miller,True,416,7,15208,29
407,NERNE4UThHU,Rajat Monga: TensorFlow | Lex Fridman Podcast #22,22.0,2019-06-03T16:12:17Z,Rajat Monga,True,712,5,25660,32
408,yCd3CzGSte8,"Chris Lattner: Compilers, LLVM, Swift, TPU, and ML Accelerators | Lex Fridman Podcast #21",21.0,2019-05-13T16:05:42Z,Chris Lattner,True,2416,22,75226,119
409,9pR6PjfyyfA,Dan Gable: Wrestling | Take It Uneasy Podcast,,2019-05-05T18:10:40Z,Dan Gable,False,455,13,13957,46
410,Kedt2or9xlo,"Oriol Vinyals: DeepMind AlphaStar, StarCraft, and Language | Lex Fridman Podcast #20",20.0,2019-04-29T15:32:40Z,Oriol Vinyals,True,1375,24,45488,108
411,bmjamLZ3v8A,MIT 6.S093: Introduction to Human-Centered Artificial Intelligence (AI),,2019-04-24T16:46:08Z,MIT 6.S093,False,888,24,38577,74
412,Z6rxFNMGdn0,Ian Goodfellow: Generative Adversarial Networks (GANs) | Lex Fridman Podcast #19,19.0,2019-04-18T16:34:19Z,Ian Goodfellow,True,4277,57,146218,217
413,dEv99vxKjVI,Elon Musk: Tesla Autopilot | Lex Fridman Podcast #18,18.0,2019-04-12T15:19:13Z,Elon Musk,True,40359,832,1426318,3883
414,bIrEM2FbOLU,Greg Brockman: OpenAI and AGI | Lex Fridman Podcast #17,17.0,2019-04-03T16:00:42Z,Greg Brockman,True,1614,52,60487,203
415,2wq9x2QcZN0,"Eric Weinstein: Revolutionary Ideas in Science, Math, and Society | Lex Fridman Podcast #16",16.0,2019-03-20T16:24:23Z,Eric Weinstein,True,13721,581,626182,1413
416,Er7Dy8rvqOc,"Leslie Kaelbling: Reinforcement Learning, Planning, and Robotics | Lex Fridman Podcast #15",15.0,2019-03-12T16:07:05Z,Leslie Kaelbling,True,567,7,19083,38
417,p5AtrKqQ3Fw,Karl Iagnemma & Oscar Beijbom (Aptiv Autonomous Mobility) - MIT Self-Driving Cars,,2019-02-26T14:49:03Z,,False,341,10,20013,19
418,-j0tc0Y1CIE,"Oliver Cameron (CEO, Voyage) - MIT Self-Driving Cars",,2019-02-18T18:36:55Z,,False,358,16,20702,23
419,Q0nGo2-y0xY,Drago Anguelov (Waymo) - MIT Self-Driving Cars,,2019-02-12T15:36:20Z,,False,1953,37,124169,152
420,YUYagvESisE,Kyle Vogt: Cruise Automation | Lex Fridman Podcast #14,14.0,2019-02-07T15:31:20Z,Kyle Vogt,True,521,20,24789,29
421,sRxaMDDMWQQ,MIT Self-Driving Cars: State of the Art (2019),,2019-02-01T14:43:11Z,MIT Self-Driving Cars,False,3634,163,209410,382
422,zR11FLZ-O9M,MIT 6.S091: Introduction to Deep Reinforcement Learning (Deep RL),,2019-01-24T17:20:33Z,MIT 6.S091,False,2789,50,140972,94
423,aSyZvBrPAyk,"Tomaso Poggio: Brains, Minds, and Machines | Lex Fridman Podcast #13",13.0,2019-01-19T15:32:45Z,Tomaso Poggio,True,1072,25,36939,70
424,53YvP6gdD7U,Deep Learning State of the Art (2019) - MIT,,2019-01-17T16:50:41Z,,False,2533,39,127640,82
425,O5xeyoRL95U,MIT Deep Learning Basics: Introduction and Overview,,2019-01-11T16:47:40Z,MIT Deep Learning Basics,False,16209,325,848611,493
426,b7bStIQovcY,Tuomas Sandholm: Poker and Game Theory | Lex Fridman Podcast #12,12.0,2018-12-28T21:42:43Z,Tuomas Sandholm,True,660,5,26424,41
427,3FIo6evmweo,"Juergen Schmidhuber: Godel Machines, Meta-Learning, and LSTMs | Lex Fridman Podcast #11",11.0,2018-12-23T17:14:32Z,Juergen Schmidhuber,True,2174,38,75320,197
428,l-mYLq6eZPY,Pieter Abbeel: Deep Reinforcement Learning | Lex Fridman Podcast #10,10.0,2018-12-16T19:50:11Z,Pieter Abbeel,True,853,5,32972,46
429,KsZI5oXBC0k,Stuart Russell: Long-Term Future of Artificial Intelligence | Lex Fridman Podcast #9,9.0,2018-12-09T16:47:24Z,Stuart Russell,True,2422,72,121218,190
430,hIC9FQpxVwQ,Eric Schmidt: Google | Lex Fridman Podcast #8,8.0,2018-12-04T16:14:28Z,Eric Schmidt,True,2319,68,82422,154
431,KZkYSSE8HHI,Jeff Atwood: Stack Overflow and Coding Horror | Lex Fridman Podcast #7,7.0,2018-11-29T15:49:28Z,Jeff Atwood,True,820,12,26447,47
432,ghwaIiE3Nd8,Guido van Rossum: Python | Lex Fridman Podcast #6,6.0,2018-11-22T17:10:18Z,Guido van Rossum,True,3518,89,134531,201
433,STFcvzoxVw4,Vladimir Vapnik: Statistical Learning | Lex Fridman Podcast #5,5.0,2018-11-16T15:52:20Z,Vladimir Vapnik,True,1045,6,35923,84
434,bCA54RIkpTo,Black Belt Speech,,2018-11-11T18:35:53Z,,False,19710,299,608619,757
435,fCLI6kxFFTE,Playing Guitar in a Self-Driving Car,,2018-11-05T15:57:20Z,,False,16503,246,360835,820
436,azOmzumh0vQ,Yoshua Bengio: Deep Learning | Lex Fridman Podcast #4,4.0,2018-10-20T18:42:27Z,Yoshua Bengio,True,1865,34,75556,78
437,epQxfSp-rdU,Steven Pinker: AI in the Age of Reason | Lex Fridman Podcast #3,3.0,2018-10-17T15:45:42Z,Steven Pinker,True,1699,81,60277,296
438,OoC8oH0CLGc,MIT Human-Centered Autonomous Vehicle,,2018-09-29T16:19:49Z,,False,1411,15,39610,94
439,YBvcKtLKNAw,Arguing Machines: Tesla Autopilot vs Neural Network,,2018-09-25T15:02:58Z,Arguing Machines,False,1402,23,42640,80
440,Khf-N2f8T78,Comfortably Numb Solo | Pink Floyd Cover by Lex Fridman,,2018-08-15T14:25:23Z,,False,22033,323,425451,1907
441,piHkfmeU7Wo,Christof Koch: Consciousness | Lex Fridman Podcast #2,2.0,2018-05-29T13:16:25Z,Christof Koch,True,3416,95,118087,438
442,9EN_HoEk3KY,Ilya Sutskever: OpenAI Meta-Learning and Self-Play | MIT Artificial General Intelligence (AGI),,2018-04-25T15:09:38Z,Ilya Sutskever,False,2279,30,85223,127
443,5nnSSjer4j0,Geoffrey Hinton: What are you excited about in deep learning?,,2018-04-21T17:00:55Z,Geoffrey Hinton,False,162,5,6923,4
444,Gi8LUnhP5yU,Max Tegmark: Life 3.0 | Lex Fridman Podcast #1,1.0,2018-04-19T14:11:52Z,Max Tegmark,True,4108,85,137186,359
445,U6lJI-NSfBY,MIT AGI: Autonomous Weapons Systems Policy (Richard Moyes),,2018-04-17T14:15:05Z,MIT AGI,False,200,10,11062,23
446,9HdmXFXp6yU,Stephen Fry: Do we give AI fire?,,2018-04-15T16:29:01Z,Stephen Fry,False,292,6,6319,39
447,D6kNl5it9L4,Charlie Munger: Investing in AI,,2018-04-11T12:07:26Z,Charlie Munger,False,90,3,6474,9
448,HVx9bwiMWGQ,MIT-AVT: Data Collection Device (for Large-Scale Semi-Autonomous Driving),,2018-04-09T14:39:38Z,MIT-AVT,False,417,3,13599,21
449,NPMuw95ux2g,MIT-AVT: Tesla Model 3,,2018-04-06T15:07:23Z,MIT-AVT,False,201,10,9748,7
450,UgvwxbGlb08,Robot wants an iPhone X,,2018-04-04T21:03:34Z,,False,126,1,6472,5
451,LiNSPRKHyvo,Marc Raibert: Boston Dynamics | MIT Artificial Intelligence (AI),,2018-04-02T15:35:44Z,Marc Raibert,False,1683,19,75099,92
452,RFYvUJfnuPg,"Robot attends class at MIT, can't find a seat",,2018-03-31T16:23:48Z,,False,424,10,25386,35
453,Zsbb1Ze4T_M,Peter Norvig: Utility in AI,,2018-03-30T13:09:34Z,Peter Norvig,False,168,3,5487,13
454,iMOD9TYRtr8,Uber Self-Driving Car Glance Classification,,2018-03-28T15:48:08Z,,False,259,7,11976,22
455,bzn7YEvoUaU,MIT Advanced Vehicle Technology Study (MIT-AVT),,2018-03-26T18:18:39Z,,False,457,6,20499,3
456,7ottuFZYflg,Geoffrey Hinton: Future of AI,,2018-03-24T14:33:41Z,Geoffrey Hinton,False,172,2,8027,2
457,Gk3WsaQZ8pA,Stuart Russell: AI Winter,,2018-03-23T13:42:59Z,Stuart Russell,False,64,1,3835,1
458,bLv9MGsUt6g,Elon Musk: First Principles,,2018-03-22T11:44:35Z,Elon Musk,False,345,4,16735,11
459,bfO4EkoGh40,MIT AGI: Cognitive Architecture (Nate Derbinsky),,2018-03-20T12:55:34Z,MIT AGI,False,771,28,40777,44
460,YT3pTu6R7OY,Marvin Minsky: Continually Innovate,,2018-03-19T13:48:23Z,Marvin Minsky,False,96,0,3373,3
461,z70WdSCdl4A,Donald Knuth: Do what you really think is important,,2018-03-18T14:45:38Z,Donald Knuth,False,243,1,7437,1
462,YofMOh6_WKo,Demis Hassabis: Transfer learning is key to AGI,,2018-03-17T14:32:34Z,Demis Hassabis,False,208,2,7789,7
463,j-jLkaGS-Jg,Garry Kasparov: Open-Ended AI,,2018-03-16T12:25:29Z,Garry Kasparov,False,79,6,4697,6
464,kL6J3y9ZCRQ,John McCarthy: AI will be simple,,2018-03-15T14:21:18Z,John McCarthy,False,209,2,8378,7
465,HKBhP9JISF0,"Sterling Anderson, Co-Founder, Aurora - MIT Self-Driving Cars",,2018-03-14T14:26:08Z,Sterling Anderson,False,419,28,29824,18
466,yjOV3xgydXE,Richard Feynman: Are you looking for the ultimate laws of physics?,,2018-03-13T14:23:14Z,Richard Feynman,False,250,0,6725,12
467,dWSbItd0HEA,"Emilio Frazzoli, CTO, nuTonomy - MIT Self-Driving Cars",,2018-03-09T16:54:56Z,Emilio Frazzoli,False,387,11,26559,19
468,P7kX7BuHSFI,Stephen Wolfram: Computational Universe | MIT 6.S099: Artificial General Intelligence (AGI),,2018-03-02T16:35:01Z,,False,2346,42,107159,145
469,qwsft6tmvBA,Lisa Feldman Barrett: How the Brain Creates Emotions |  MIT Artificial General Intelligence (AGI),,2018-02-24T15:05:21Z,Lisa Feldman Barrett,False,1503,74,56946,185
470,LSX3qdy0dFg,"Sacha Arnoud, Director of Engineering, Waymo - MIT Self-Driving Cars",,2018-02-16T15:29:31Z,Sacha Arnoud,False,1243,31,92221,81
471,9Z06rY3uvGY,Ray Kurzweil: Future of Intelligence | MIT 6.S099: Artificial General Intelligence (AGI),,2018-02-14T17:46:54Z,,False,3386,126,195971,304
472,7ROelYvo8f0,"MIT AGI: Building machines that see, learn, and think like people (Josh Tenenbaum)",,2018-02-08T18:46:06Z,MIT AGI,False,3145,72,157109,174
473,-GV_A9Js2nM,MIT AGI: Artificial General Intelligence,,2018-02-03T22:18:16Z,MIT AGI,False,2327,73,108770,169
474,Z2GfE8pLyxc,MIT 6.S094: Deep Learning for Human Sensing,,2018-01-30T20:35:17Z,MIT 6.S094,False,258,2,20345,8
475,CLOAswsxudo,MIT 6.S094: Computer Vision,,2018-01-27T21:34:10Z,MIT 6.S094,False,903,26,64460,16
476,MQ6pP65o7OM,MIT 6.S094: Deep Reinforcement Learning,,2018-01-25T14:25:34Z,MIT 6.S094,False,743,21,60456,39
477,_OCjqIgxwHw,MIT Self-Driving Cars (2018),,2018-01-20T21:04:04Z,,False,695,16,55710,55
478,-6INDaLcuJY,MIT 6.S094: Deep Learning,,2018-01-15T21:19:11Z,MIT 6.S094,False,1558,15,108222,59
479,s3MuSOl1Rog,MIT Sloan: Intro to Machine Learning (in 360/VR),,2017-12-24T18:21:07Z,MIT Sloan,False,572,33,32579,44
480,0fLSf3NO0-s,Sertac Karaman (MIT) on Motion Planning in a Complex World - MIT Self-Driving Cars,,2017-12-13T02:33:07Z,,False,487,11,26472,13
481,LDprUza7yT4,"Chris Gerdes (Stanford) on Technology, Policy and Vehicle Safety - MIT Self-Driving Cars",,2017-12-06T01:37:58Z,,False,170,1,9821,6
482,ByZF8_-OJNI,MIT 6.S094: Deep Learning for Human-Centered Semi-Autonomous Vehicles,,2017-02-18T22:57:47Z,MIT 6.S094,False,277,6,30197,28
483,nFTQ7kHQWtc,MIT 6.S094: Recurrent Neural Networks for Steering Through Time,,2017-02-01T19:13:35Z,MIT 6.S094,False,924,37,91876,73
484,U1toUkZw6VI,MIT 6.S094: Convolutional Neural Networks for End-to-End Learning of the Driving Task,,2017-01-25T19:00:51Z,MIT 6.S094,False,801,37,87997,50
485,QDzM8r3WgBw,MIT 6.S094: Deep Reinforcement Learning for Motion Planning,,2017-01-22T16:34:30Z,MIT 6.S094,False,1616,36,177964,87
486,1L0TKZQcUtA,MIT 6.S094: Introduction to Deep Learning and Self-Driving Cars,,2017-01-16T17:11:59Z,MIT 6.S094,False,5713,126,485937,262
487,11rsu_WwZTc,Foundations and Challenges of Deep Learning (Yoshua Bengio),,2016-09-27T18:02:03Z,,False,227,5,20241,7
488,Ejec3ID_h0w,"TensorFlow Tutorial (Sherry Moore, Google Brain)",,2016-09-27T17:47:35Z,,False,939,67,104965,35
489,F1ka6a13S9I,Nuts and Bolts of Applying Deep Learning (Andrew Ng),,2016-09-27T17:47:35Z,,False,4622,50,332513,151
490,G5RY_SUJih4,"Sequence to Sequence Deep Learning (Quoc Le, Google)",,2016-09-27T17:47:35Z,,False,685,10,59048,15
491,L1sHcj3qDNc,"Torch Tutorial (Alex Wiltschko, Twitter)",,2016-09-27T17:47:35Z,,False,115,0,8474,5
492,OU8I1oJ9HhI,"Theano Tutorial (Pascal Lamblin, MILA)",,2016-09-27T17:47:35Z,,False,57,3,7319,2
493,PtAIh9KSnjo,"Deep Reinforcement Learning (John Schulman, OpenAI)",,2016-09-27T17:47:35Z,,False,532,8,51370,19
494,g-sndkf7mCs,"Deep Learning for Speech Recognition (Adam Coates, Baidu)",,2016-09-27T17:47:35Z,,False,795,13,60306,25
495,oGk1v1jQITw,"Deep Learning for Natural Language Processing (Richard Socher, Salesforce)",,2016-09-27T17:47:35Z,,False,355,5,34064,17
496,rK6bchqeaN8,"Foundations of Unsupervised Deep Learning (Ruslan Salakhutdinov, CMU)",,2016-09-27T17:47:35Z,,False,380,2,29528,10
497,u6aEYuemt0M,"Deep Learning for Computer Vision (Andrej Karpathy, OpenAI)",,2016-09-27T17:47:35Z,,False,1754,11,124198,45
498,zij_FTbJHsk,"Foundations of Deep Learning (Hugo Larochelle, Twitter)",,2016-09-27T17:45:07Z,,False,344,4,36431,8
499,wiYMwmPPGto,Detecting Driver Frustration from Audio and Video (IJCAI 2016),,2016-07-12T12:58:49Z,,False,114,0,8061,5
500,ShxbqjnsB8c,Drive Gaze Region Classification in a Tesla,,2016-04-29T01:27:01Z,,False,143,2,11484,3
501,a96PO823veM,"Automated Synchronization of Driving Data: Video, Audio, IMU, and Telemetry",,2015-10-28T12:44:11Z,Automated Synchronization of Driving Data,False,76,0,7052,5
502,7bO8rKtvDoE,Jimmy Pedro: Judo | Take It Uneasy Podcast,,2014-12-23T17:39:17Z,Jimmy Pedro,False,447,6,26574,43
503,_US4sEfQ6Rw,Dan Severn on Beating a Man He Couldn't Beat | Take It Uneasy Podcast,,2014-06-19T14:24:40Z,,False,720,11,76506,70
504,7XzAsx-aRC4,Ryan Hall: Principles of Jiu Jitsu | Take It Uneasy Podcast,,2014-06-16T11:05:25Z,Ryan Hall,False,2795,50,157940,217
505,HGZ4E-qUd1A,Ryan Hall: Best Martial Art for Self Defense | Take It Uneasy Podcast,,2014-06-11T12:25:24Z,Ryan Hall,False,6949,149,352848,976
506,qySBeiY8EqA,Ryan Hall: Moral Victory,,2014-06-05T10:01:01Z,Ryan Hall,False,571,2,24626,33
507,94MBVD_tZeU,Ryan Hall: Value of Competition | Take It Uneasy Podcast,,2014-06-05T10:00:11Z,Ryan Hall,False,2746,26,93102,163
508,o8nZaDw_mOs,Ido Portal: Movement | Take It Uneasy Podcast,,2014-05-08T11:08:47Z,Ido Portal,False,826,14,68186,61
